<?xml version="1.0" encoding="UTF-8"?>
<configuration>

    <property name="LOG_HOME" value="logs" />

    <appender name="console" class="ch.qos.logback.core.ConsoleAppender">
        <encoder class="ch.qos.logback.classic.encoder.PatternLayoutEncoder">
            <pattern>%d{HH:mm:ss} [%t] %logger{5} [%line] %p - %msg%n</pattern>
        </encoder>
    </appender>

    <!-- project level -->
    <logger name="cn.mrdear" level="DEBUG" />

    <root level="DEBUG" >
        <appender-ref ref="console" />
    </root>

</configuration>