<?xml version="1.0" encoding="UTF-8"?>
<beans xmlns="http://www.springframework.org/schema/beans"
       xmlns:xsi="http://www.w3.org/2001/XMLSchema-instance" xmlns:mvc="http://www.springframework.org/schema/mvc"
       xmlns:contents="http://www.springframework.org/schema/context"
       xsi:schemaLocation="http://www.springframework.org/schema/beans http://www.springframework.org/schema/beans/spring-beans.xsd http://www.springframework.org/schema/mvc http://www.springframework.org/schema/mvc/spring-mvc.xsd http://www.springframework.org/schema/context http://www.springframework.org/schema/context/spring-context.xsd">

    <!-- 自动扫描该包，使SpringMVC认为包下用了@controller注解的类是控制器 -->
    <contents:component-scan base-package="com.haikong.core.controller"/>

    <!-- 启用默认配置 -->
    <mvc:annotation-driven>
        <mvc:message-converters register-defaults="true">
            <!-- 配置Fastjson支持 -->
            <bean class="com.alibaba.fastjson.support.spring.FastJsonHttpMessageConverter4">
                <property name="supportedMediaTypes">
                    <list>
                        <value>application/json</value>
                    </list>
                </property>
                <property name="fastJsonConfig" ref="fastJsonConfig"/>
            </bean>
        </mvc:message-converters>
    </mvc:annotation-driven>

    <!--fastjson config-->
    <bean id="fastJsonConfig" class="com.alibaba.fastjson.support.config.FastJsonConfig">
        <!-- Default charset -->
        <property name="charset" value="UTF-8" />
        <!-- Default dateFormat -->
        <property name="dateFormat" value="yyyy-MM-dd" />
        <!-- SerializerFeature -->
        <property name="serializerFeatures">
            <list>
                <value>WriteNullListAsEmpty</value>
            </list>
        </property>
    </bean>

    <!-- 对模型视图名称的解析，即在模型视图名称添加前后缀(如果最后一个还是表示文件夹,则最后的斜杠不要漏了) 使用JSP-->
    <!-- 默认的视图解析器 在上边的解析错误时使用 (默认使用html)- -->
    <bean id="defaultViewResolver" class="org.springframework.web.servlet.view.InternalResourceViewResolver">
        <property name="prefix" value="/WEB-INF/view/"/><!--设置JSP文件的目录位置-->
        <property name="suffix" value=".jsp"/>
    </bean>
    <!--静态资源映射-->
    <mvc:resources mapping="/static/**" location="/static/" />

</beans>